,Entropy Acc,Impurity Acc,K,L
0,0.7233333333333334,0.725,0,0
1,0.7233333333333334,0.735,3,10
2,0.7033333333333334,0.73,7,10
3,0.735,0.7183333333333334,11,10
4,0.7233333333333334,0.7266666666666667,15,10
5,0.725,0.7166666666666667,19,10
6,0.7333333333333333,0.74,3,20
7,0.76,0.7266666666666667,7,20
8,0.7266666666666667,0.74,11,20
9,0.725,0.7416666666666667,15,20
10,0.7233333333333334,0.715,19,20
